0,0,0,0,0,0,0,0,0,0,0,0,0,0,0,0,0,0,0,0,0,17.28894298,16.37156143,0,14.87703369,4.01530144,0,0,0,0,0,14.18100147,0,0
0,0,0,0,0,0,0,0,0,0,0,0,0,0,0,0,0,0,0,0,0,19.84989758,19.75353413,15.75095637,16.8751899,4.94266806,0,0,0,0,0,0,4.36092358,17.15145564
0,0,0,0,0,0,0,0,0,0,0,0,0,0,0,0,0,0,0,0,0,19.78194286,20.1982807,18.60150263,14.83792911,0,0,0,0,0,0,0,0,17.92379111
0,0,0,0,9.0196165,0,0,0,0,0,0,0,0,0,0,8.7963027,0,0,0,0,0,20.85398224,19.58819873,17.7136096,19.54539763,4.41925906,0,0,0,0,0,0,2.75252383,19.27054334
0,0,0,0,0,0,9.79830311,0,0,0,0,0,0,0,8.94220023,0,0,0,0,0,0,20.1119429,19.5156615,15.83187028,17.18286015,7.03596407,0,0,0,0,0,14.44620017,0,15.71398856
0,0,0,7.12019064,0,0,0,0,0,0,0,0,0,0,0,0,0,0,0,0,0,19.29890862,19.85725396,14.09098111,14.88974287,4.11739143,0,0,0,0,0,15.23855963,5.5041966,17.20352726
0,0,0,0,0,0,4.38318031,0,0,0,0,0,0,0,0,0,0,0,0,0,0,19.67567839,20.01358586,11.72006426,16.97160371,0,0,0,0,0,0,14.33076418,0,0
0,0,0,0,4.1134557,0,0,0,0,0,0,0,0,0,0,0,0,0,0,0,0,18.2638998,18.86273159,16.72854941,15.67602097,0,0,0,0,0,0,11.33977066,0,17.67220225
0,0,0,0,0,0,9.39722492,6.48979427,0,0,0,0,0,0,0,0,0,0,0,0,0,20.24900839,20.01723711,0,19.52667739,0,0,0,0,0,0,0,4.81941045,14.30164218
0,0,0,0,0,0,0,0,0,0,0,0,0,0,0,0,0,0,0,0,0,18.86060868,19.69149656,17.79135671,16.80950904,0,0,0,0,0,0,0,2.52986818,15.15405951
0,0,0,0,0,0,0,0,0,0,0,0,0,0,0,0,0,0,0,0,0,19.70280949,18.70436371,16.92206519,14.93222465,4.52936967,0,0,0,0,0,0,0,16.81987155
0,0,0,0,0,0,0,0,0,0,0,0,0,0,9.22059869,0,0,0,0,0,0,18.52926894,20.61457549,17.15504612,19.1351072,7.48482382,0,0,0,0,0,0,14.72125,19.61522607
0,0,0,0,0,0,3.90571926,0,0,0,0,0,0,0,0,0,0,0,0,0,0,20.08687087,19.45098435,16.16814084,17.67190741,4.11586187,0,0,0,0,0,0,4.22226691,17.07158402
0,0,0,0,0,0,0,0,0,0,0,0,0,0,0,0,0,0,0,0,0,19.36103385,19.90632427,18.33662671,16.57070699,7.58923902,0,0,0,0,0,0,2.68555865,15.75773771
0,0,0,0,0,0,0,0,0,0,0,0,0,0,0,0,0,0,0,0,0,19.0347673,19.40836666,15.56807992,17.03818995,4.76399604,0,0,0,0,0,0,0,17.60672482
0,0,0,0,8.75962419,0,4.69372463,0,0,0,0,0,0,0,0,0,0,0,0,0,0,19.35305151,19.64472175,15.87177211,0,5.81372679,0,0,0,0,0,0,5.96882111,19.89423818
0,0,0,7.27496866,7.54938274,0,4.85375658,0,0,0,15.33258825,0,0,0,6.47625955,0,0,0,0,0,0,18.97200121,20.03625588,18.19726068,18.72408328,5.00601019,0,0,0,0,0,0,7.45964831,17.39771939
0,0,0,0,0,0,8.11185247,0,0,0,0,0,0,0,0,0,0,0,0,0,0,17.71137718,21.27286551,18.17823558,16.51656909,0,0,0,0,0,0,0,8.41842076,20.46471964
0,0,0,0,0,0,0,0,0,0,0,0,0,0,0,0,0,0,0,0,0,18.37078024,19.19339461,15.46083429,0,4.7678911,0,0,0,0,0,14.11214779,4.82660671,17.89304719
0,0,0,0,0,0,5.16550399,0,0,0,0,0,0,0,0,0,0,0,0,0,0,20.52112786,19.37298953,15.03722921,19.09796124,5.85875191,0,0,0,0,0,14.59334617,2.92128385,16.18859412
0,0,0,0,0,0,0,0,0,0,0,0,0,0,0,0,0,0,0,0,0,18.34453185,19.32385477,0,16.55167675,4.51910094,0,0,0,0,0,13.26666066,0,16.7442629
0,0,0,0,0,0,0,0,0,0,0,0,0,0,7.99110043,0,0,0,0,0,0,19.18218316,19.5238918,17.14197464,17.79086432,7.03058993,0,0,0,0,0,14.62922978,2.41531387,17.87265148
0,0,0,0,0,0,4.37586333,0,0,0,0,0,0,0,0,0,0,0,0,0,0,19.88757074,19.33055665,18.20653541,14.75471679,5.15695482,0,0,0,0,0,0,0,18.40485378
0,0,0,7.29461403,0,0,6.13722296,0,0,0,15.29136147,0,0,0,6.04848529,0,0,0,0,0,0,18.66834392,20.00868879,17.47220931,16.56900557,2.21076418,0,0,0,0,0,14.49941398,3.2882266,18.70224224
0,0,0,0,0,0,3.98655049,0,0,0,0,0,0,0,0,8.14395711,0,0,0,0,0,19.28583947,20.11514618,17.73673891,18.64328088,5.68744844,0,0,0,0,0,14.20448601,0,18.81999279
0,0,0,0,0,0,0,0,0,0,0,0,0,0,7.58996449,0,0,0,0,0,0,19.3588387,17.944717,18.14051956,14.89525605,3.9100422,0,0,0,0,0,13.95325755,6.88324031,19.24619897
0,0,0,0,3.2757379,0,8.00254124,0,0,0,0,0,0,0,0,0,0,0,0,6.41897445,0,20.039591,20.78366754,18.33352392,19.21632975,6.81579518,0,0,0,0,0,14.2548006,6.41038907,18.68897868
0,0,0,0,0,0,0,0,0,0,0,0,0,0,0,0,0,0,0,0,0,18.19055708,19.31438184,16.42363859,15.19329665,5.67105736,0,0,0,0,0,14.41987535,0,18.81890784
0,0,0,0,0,0,10.78492653,0,0,0,0,0,0,0,0,0,0,0,0,0,0,19.11578482,19.92224263,17.02453858,18.14038786,8.04273131,0,0,0,0,0,11.58532729,0,16.89088712
0,0,0,0,0,0,11.78050218,0,0,0,0,0,0,0,0,0,0,0,0,0,0,19.79963266,19.709147,17.47693261,14.94177325,7.24753707,0,0,0,0,0,6.37074635,4.98780029,15.9195108
0,0,0,0,0,0,0,0,0,0,0,0,0,0,0,0,0,0,0,0,0,18.75077841,18.05769359,17.56614319,17.38853501,6.02238929,0,0,0,0,0,0,0,17.47999842
0,0,0,0,0,0,0,0,0,0,0,0,0,0,0,0,0,0,0,0,0,18.07781207,17.67471216,16.41802333,14.75943531,5.4306876,0,0,0,0,0,0,0,0
0,0,0,0,0,0,7.42213267,0,0,0,0,6.14676033,0,0,0,0,0,0,0,0,0,17.16166221,19.267402,15.74423297,17.13845607,0,0,0,0,0,0,0,3.63948018,0
0,0,0,0,6.85596064,0,0,0,0,0,0,0,0,0,0,0,0,0,0,0,0,18.60579659,20.13080148,16.87651952,0,2.76482314,0,0,0,0,0,0,0,17.11715217
0,0,0,0,5.15844623,6.89248711,11.91447409,0,0,0,0,0,0,0,10.74570151,0,9.78341616,0,0,0,0,18.61231451,20.48557636,15.96765769,16.05169911,4.61955975,0,0,0,0,0,0,6.10887974,19.27383326
0,0,0,0,9.8849158,0,0,0,0,0,0,0,0,0,0,0,0,0,0,13.56223696,14.27296129,18.84277758,13.09748228,0,0,0,0,0,0,0,0,0,0,23.89093845
0,0,0,0,5.02669731,0,0,0,0,0,0,0,0,0,0,0,0,0,0,16.98819897,12.65741119,15.52623698,17.6854499,0,0,8.53776038,0,0,0,0,0,0,7.84973772,22.45530337
0,0,0,0,0,0,3.38853723,0,17.65722043,0,15.66420356,0,0,0,10.63196888,0,0,0,0,15.93756912,15.72491578,18.74934062,16.61255221,0,0,4.73381597,0,0,0,0,0,0,11.45149369,23.17366107
0,0,0,0,0,3.93853799,10.74827932,0,0,0,17.4006131,0,0,0,0,0,0,0,0,12.78650384,0,17.64532446,19.38383927,17.33222601,0,2.86663487,0,0,0,0,0,0,7.65263247,22.56844104
0,0,0,0,4.72087028,0,4.33628484,0,0,0,14.60021029,0,0,0,0,0,0,0,0,9.98273802,14.54040628,17.32963912,18.64431825,15.63001147,0,9.06470897,0,0,0,0,0,0,6.13617945,17.55527588
0,0,0,0,0,0,0,0,0,0,15.7733515,0,0,0,0,0,0,0,0,14.19420136,16.32953716,18.28719546,19.89957597,15.47640849,0,2.48919745,0,0,0,0,0,14.97126063,3.9097064,22.33506502
0,0,0,0,0,3.91806887,0,0,0,0,17.4952766,0,0,0,0,0,0,0,0,15.9741718,19.93043469,20.20584332,19.9779742,17.52376617,0,4.76974846,0,0,0,0,0,16.0195505,7.24027732,25.4359833
0,0,0,0,0,0,0,0,0,0,16.87398053,0,0,0,7.57919869,0,0,0,0,13.62036384,18.5297185,21.49452612,18.37768665,10.80373543,0,3.98865198,0,0,0,0,0,15.29436372,3.57072346,24.97427671
0,0,0,0,0,0,0,0,0,0,17.53297769,0,0,0,6.65037595,0,0,0,0,14.61600424,22.74541797,19.13995338,20.96081089,16.67972212,0,3.30562485,0,0,0,0,0,15.56769748,13.38167756,23.64591163
0,0,0,0,0,0,0,0,0,0,18.12673125,0,0,0,6.4979614,11.39773258,0,0,0,14.60078464,19.38331741,19.91254974,19.42346121,13.62695924,0,5.45177119,0,0,0,0,0,14.46543179,7.00620963,24.52633635
0,0,0,0,5.40248169,2.73726791,0,0,18.36078586,0,17.5257074,0,0,0,8.29973098,0,0,0,0,16.09964113,20.50117439,19.21246104,19.44044101,17.70427144,0,5.64251426,0,0,0,0,0,0,4.9598975,23.94929578
0,0,0,0,0,2.36650806,2.25746886,0,0,0,17.92400373,0,0,0,9.34295877,0,0,0,0,17.03417933,22.50953447,20.95641821,16.14650163,17.63318735,19.31239747,6.22409029,0,0,0,0,0,16.9196786,6.74097721,24.78628451
0,0,0,0,4.83520169,0,3.93434598,15.95364718,0,0,15.7643075,0,0,0,0,0,0,0,0,13.86167862,13.77023521,17.49280805,18.49842809,0,15.02481307,3.68689861,0,0,0,0,0,16.76633596,6.96025493,21.54185624
0,0,0,12.39172779,11.59634798,3.93560725,0,0,0,0,0,0,0,0,0,0,0,0,0,11.43282013,0,21.64147147,16.7474775,16.11536724,0,5.23967349,0,0,0,0,0,17.09321259,13.65614145,24.10103684
0,0,0,10.22726737,8.11654448,0,0,0,0,0,0,0,0,0,0,0,0,0,0,14.15764088,0,16.58836925,19.36240598,13.38538791,0,4.30870497,0,0,0,0,0,13.85413977,8.41319433,23.28307948
0,0,0,0,0,0,0,0,0,0,15.25028026,0,0,0,0,0,0,0,0,9.6563893,0,17.74517082,19.75935519,15.56533298,0,7.23227195,0,0,0,0,0,0,4.64047105,23.65500685
0,0,0,0,8.38557023,0,0,0,0,0,16.3931052,0,0,0,0,12.48957867,0,0,0,12.47870788,0,18.89833802,20.03494548,19.65116744,0,8.5666074,0,0,0,0,0,9.60066526,7.38839023,23.0938837
0,0,0,9.90641953,0,4.5527737,0,0,15.21841135,0,16.62250388,0,0,0,0,0,0,0,0,14.00627862,20.88769855,19.7846139,20.27029995,16.08346883,15.88882215,5.31692806,0,0,0,0,15.79457921,15.46154474,6.02912509,23.49177358
0,0,0,0,7.13619668,3.72451694,0,0,0,0,0,0,6.12901343,0,6.64955238,7.25254397,0,0,0,18.7847156,17.89147888,17.51249998,18.3373861,19.05752586,19.34084562,6.34708061,16.51001255,0,0,0,0,13.81409302,6.43094461,23.46615484
0,0,0,0,11.37095002,0,0,0,0,0,18.41653378,0,0,0,0,0,0,0,0,14.94379939,19.75168542,19.58247698,19.9075619,15.51033813,0,7.96705,0,0,0,0,0,14.55543023,7.94390497,22.79276446
0,0,0,7.17542594,0,0,4.40466071,0,0,0,16.49252242,0,0,0,10.94129483,0,0,0,0,12.9038974,16.86048674,20.67460985,21.11691693,17.54202354,0,7.76642789,0,0,0,0,0,13.99534474,14.53702401,23.09751275
0,0,0,0,0,0,10.76686041,0,0,0,0,0,0,0,0,0,0,0,0,11.94363769,16.57247338,19.34904217,18.20004779,15.4931982,0,5.19663089,0,0,0,0,0,16.8771385,6.89162075,24.86877022
0,0,0,0,0,0,0,0,0,0,0,0,0,0,0,0,0,0,0,10.88779853,14.32557157,18.82361495,19.44738283,15.1474434,16.27349614,4.41642633,0,0,0,0,0,0,4.11255674,21.38901078
0,0,0,8.19231266,0,0,0,0,0,0,0,0,0,0,0,0,0,0,0,18.2234153,19.55700954,16.71526183,19.72007037,15.6629638,0,4.25172566,0,0,0,0,0,0,7.25587014,24.84586327
0,0,0,0,0,0,7.03758735,0,0,0,15.52781118,0,0,0,0,0,0,0,0,15.67053329,19.37300763,17.13048892,18.42572059,15.68091988,16.63505573,6.89619214,0,0,0,0,0,0,0,23.42828192
0,0,0,0,9.59312188,0,9.69202079,0,0,0,0,0,0,0,0,0,0,0,0,16.70103048,20.49158951,18.16832408,19.40849064,11.08926076,17.24553933,7.84243976,0,0,0,0,0,0,6.10955786,22.27535349
0,0,0,0,0,5.57303877,5.03441569,0,0,7.42223782,0,0,0,0,0,7.36413026,0,0,0,13.33208259,19.7702204,18.89098973,17.29967168,16.32072204,14.44989288,0,0,0,0,0,0,0,0,23.20610865
0,0,0,0,0,0,0,0,0,0,0,0,0,0,0,0,0,0,0,11.76701564,0,0,14.59263185,0,0,0,0,0,0,0,0,0,0,21.85039151
0,0,0,0,2.61730411,0,0,0,0,0,0,0,0,0,0,0,0,0,0,11.03251771,0,18.33947026,19.75466757,9.29890329,18.29607809,8.29235905,0,0,0,0,0,0,8.78685982,17.55980909
0,0,0,0,0,0,0,0,0,0,0,0,0,0,0,0,0,0,0,15.21616273,19.61605352,18.70737416,19.97476393,18.22404367,19.77031233,8.0448779,0,0,0,0,0,0,5.20627607,23.76331407
0,0,0,0,0,0,0,0,0,0,0,0,0,0,0,5.66868374,0,0,0,12.00165427,17.05766877,19.16278234,19.61764925,18.59089576,18.15185856,8.67596888,0,0,0,0,0,0,8.65702994,23.78449466
0,0,0,0,0,0,4.38336297,0,0,0,0,0,0,0,4.94396824,0,0,0,0,9.2989666,0,16.48477582,17.79181432,8.59881658,0,9.30299598,0,0,0,0,0,0,6.89607849,23.63093674
0,0,0,0,0,0,3.49752071,0,0,0,0,0,0,0,0,0,0,0,0,13.61599476,16.84176284,20.4426867,18.92122183,15.61712548,18.66330387,3.20425789,0,0,0,0,0,15.11098996,5.1951133,20.58994507
0,0,0,0,0,0,3.20620084,0,0,0,0,0,0,0,8.92183984,0,10.96773019,0,0,10.16273172,0,17.55934478,19.64991635,16.76616367,0,4.5522479,0,0,0,0,0,0,13.58370733,18.07187058
0,0,0,8.86996419,11.22989049,0,0,0,0,0,17.44525329,0,0,0,7.49579554,0,0,0,0,17.02202409,22.25505507,21.25062646,19.66874616,15.80771073,0,7.12546596,19.65776827,0,0,0,0,0,9.36281184,23.01798804
0,0,0,0,0,0,0,0,18.86562872,0,15.39775619,0,0,0,0,0,0,0,0,17.46969767,17.28844766,18.57051964,18.70055177,0,0,0,19.23326713,0,0,0,0,0,11.29125881,24.36697165
0,0,0,0,5.29209116,0,4.47653147,0,0,0,15.87315146,5.63578732,0,0,0,9.13742093,0,0,0,14.07447992,0,20.8501393,18.97618687,0,0,0,0,0,0,0,0,0,7.13548534,21.64743875
0,0,0,0,12.45192061,0,0,16.13179637,0,6.52396201,15.32578918,0,0,0,8.9144893,12.09899261,0,0,0,16.42451704,19.64359837,19.00413392,17.6433943,18.94711622,0,8.81039325,0,0,0,0,0,15.13021126,8.42355856,23.04711937
0,0,0,0,0,0,0,0,0,0,0,0,0,0,0,0,0,0,0,10.66740054,16.03214353,17.38382562,19.0445945,16.20406816,14.23155711,8.41852816,0,0,0,0,0,7.45945601,7.06737851,19.14644685
0,0,0,0,0,0,0,0,0,0,0,0,0,0,10.65956207,9.36691458,0,0,0,17.57402601,17.34341713,19.6712702,19.85214063,16.90232361,18.75886988,7.91237783,0,0,0,0,0,0,8.80283031,23.85575287
0,0,0,0,10.81520499,8.4761462,9.94976543,0,14.68698197,0,15.80294186,0,0,0,11.68243486,0,0,0,0,12.47304194,16.10175292,16.69235172,18.49047088,16.37870161,18.74160279,8.04238065,0,0,0,0,0,0,4.99669501,21.26180458
0,0,0,0,0,0,0,0,0,0,15.94991359,0,0,0,0,0,0,0,0,11.49609077,17.70561483,15.15056156,0,0,0,7.48848148,0,0,0,0,0,0,7.84999808,23.32182555
0,0,0,0,0,14.46060027,5.64474653,0,15.83740737,13.51559111,20.25627711,0,0,0,11.14643593,0,0,0,0,6.53581617,13.83208125,14.22874841,15.91766428,0,0,6.39949243,0,0,0,0,0,0,0,20.1868175
0,0,0,0,10.70611467,0,6.68981367,0,0,0,17.86830587,0,0,0,8.43483549,9.50391778,0,0,0,8.92029715,13.90289075,10.08201503,14.99348916,0,0,6.08604944,0,0,0,0,0,0,0,21.67683842
0,0,0,7.5097116,8.69022113,13.69127394,0,0,15.52540901,0,18.82830563,0,0,0,6.44487055,0,0,0,0,7.6006326,0,16.21611539,16.26293984,14.67422037,0,5.83447386,0,0,0,0,0,0,4.17895334,20.21138492
0,0,0,0,6.33060332,0,0,0,14.9745185,0,14.74524773,0,0,0,0,0,0,0,0,11.38881051,12.66205972,14.76803195,18.40613924,10.33176934,0,8.89402288,0,0,0,0,0,0,0,22.54422975
0,0,0,0,9.61921844,0,0,0,16.60608133,0,16.18478393,0,0,0,11.4519283,0,0,0,0,10.4831744,16.67871768,19.08349799,0,15.19631139,0,6.92145917,0,0,0,0,0,0,0,19.19476059
0,0,0,8.48038514,5.51074646,0,0,0,15.48584772,16.69317153,19.11022475,0,0,0,7.30827316,7.15120812,0,0,0,7.05510017,0,18.15175574,14.1609755,0,0,9.07820799,0,0,0,0,0,0,7.45834948,21.76237164
0,0,0,0,10.97508104,0,0,0,0,0,15.44978344,0,0,0,6.72314232,0,0,0,0,11.40221271,0,17.93072596,0,0,0,7.54956507,0,0,0,0,0,15.36574669,6.44747697,21.40206204
0,0,0,0,0,14.59291442,8.32868939,0,19.50271273,19.13162965,18.89509722,0,0,16.88420463,14.22229043,0,7.22661294,0,0,9.73526069,14.18988389,0,14.22703147,0,0,8.06823294,0,0,0,0,0,16.09613909,0,20.94348657
0,0,0,7.13522767,5.34893778,15.10214936,0,0,18.97346459,16.95759975,19.4610549,0,0,16.83628139,10.08370186,0,0,0,0,5.01783901,0,17.09423951,15.17735724,0,0,8.10399111,0,0,0,0,0,0,8.73666564,19.66323042
0,0,0,0,9.92478052,11.38434023,12.03827111,0,0,0,18.0461421,0,0,0,0,9.55977163,7.76390418,0,0,8.15597218,14.2661757,16.9530902,18.02545081,0,0,8.44978453,0,0,0,0,0,0,6.82403837,22.94993435
0,0,0,0,8.97507088,13.33523889,13.55946803,0,16.32047998,17.20200379,19.82022148,0,0,15.44015419,6.12046699,0,0,0,0,8.25745273,15.26123153,18.8385627,17.74168125,0,15.01620586,0,0,0,0,0,0,0,7.74624107,20.53292411
0,0,0,0,10.97405124,13.23452455,10.96689145,0,18.16025144,15.52728153,19.40740601,0,0,0,9.93215467,0,0,0,0,7.89687431,0,18.61795483,18.7948041,16.03336275,0,6.72438855,0,0,0,0,0,0,0,18.95428076
0,0,0,0,0,0,13.75002153,0,0,15.84104078,18.56068907,0,0,0,11.10804851,5.4020227,0,13.75199201,0,8.63913824,0,16.36166039,17.16058888,0,0,8.83216265,0,0,0,0,0,0,7.24564838,20.94615545
0,0,0,0,7.03297777,14.2765936,8.7602197,0,19.36279794,16.86673969,17.24260654,0,0,0,13.93069805,0,0,0,0,8.17322869,0,17.7860402,0,0,0,0,0,0,0,0,15.71877503,0,7.14961945,20.29963511
0,0,0,8.93636387,7.74658707,0,0,0,15.77086255,15.04684656,18.66168987,0,0,15.36082842,0,0,0,0,0,2.92020968,0,16.21321491,15.74230273,0,0,0,0,0,0,0,0,0,0,17.77661058
0,0,0,0,8.5539729,0,0,13.26697195,0,13.25018348,18.03753031,0,6.38099884,0,10.91348757,0,8.39848524,0,0,12.49766855,12.65067894,21.39751803,17.21330824,0,0,2.85933826,0,0,0,0,15.33544903,15.50659938,5.77123276,19.27181616
0,0,0,6.86170687,8.91078319,0,0,16.30867336,0,15.32206949,15.35178029,12.87812492,0,0,13.6664079,9.18443684,0,0,0,7.92145992,0,17.29957388,17.7718534,0,0,4.15687623,0,0,0,0,0,15.77838259,0,20.92261164
0,0,0,10.64260777,4.39805857,12.81918433,14.50968486,0,15.80104014,15.7069857,17.69369562,0,0,0,8.98757665,7.18606981,0,0,0,12.7793636,21.17292833,17.7419765,17.50353802,14.82182446,15.67488145,6.3545066,0,0,0,0,0,0,7.90864956,22.55098167
5.63295753,0,0,0,9.86908084,13.28385193,0,0,18.90717077,0,16.95384431,0,0,0,12.59492307,5.80643889,0,0,0,15.97015822,19.33846155,17.50310982,18.42249893,15.20165586,0,10.33396334,0,0,0,0,0,0,9.17641158,24.58778443
0,16.05998985,15.5967874,0,12.40859319,14.2753767,10.60042771,0,17.803581,16.18658318,20.04417627,12.28566404,0,0,13.24628066,11.00706338,0,0,0,10.4769482,0,16.84040851,16.45908746,0,0,0,0,0,0,0,0,0,5.36606171,21.76737122
0,15.69916793,0,0,9.67505821,12.71392763,0,17.27301479,19.69824288,14.52541931,17.79886545,13.7378569,16.10585928,0,7.0884516,0,0,0,0,5.60443957,13.90435461,17.66373464,17.17050309,16.04171493,0,7.6599907,0,0,0,0,0,0,0,20.25718279
0,0,0,0,10.44223658,12.95966738,15.29765258,0,0,15.5360557,19.90915141,0,0,17.34631683,16.65933453,6.38390479,6.98490022,0,0,7.88998394,16.44669574,18.44418106,18.3650287,0,0,10.02570512,0,0,0,0,16.88656555,13.61023157,9.44911003,23.51257485
0,0,10.13281357,0,10.99089088,11.71439027,14.86518205,0,19.51861079,17.50716565,19.72277314,0,0,16.62274954,14.53983934,8.95134305,0,0,0,8.54521711,0,19.16070443,16.95994434,0,0,10.23212512,0,0,0,0,0,0,2.98396111,20.3003881
16.28848646,0,0,7.39141391,11.911193,15.01021251,14.2426687,0,19.03325494,20.16432919,20.96016576,13.76151179,15.2323229,18.78619915,15.0775997,3.95823095,9.4358236,0,0,5.36563488,17.52842596,20.79202665,17.46630398,13.90196989,0,7.23664228,17.89968902,0,0,0,16.03925915,15.80178803,5.49223768,21.53615458
19.18633786,0,17.34651314,15.98782577,10.16007387,15.47574175,8.12166739,17.81857924,19.34885958,18.52042605,20.65224397,15.57537965,15.15089155,18.16356458,9.86011218,0,8.02236828,0,0,10.69892279,0,14.4294565,17.07490379,0,15.6077645,10.15579402,0,0,0,0,0,12.65962372,0,20.71203391
19.76458986,14.79282526,18.3082878,14.38029015,13.21493027,16.20792452,14.26567585,18.75243344,18.5616971,18.06651849,21.41144682,15.42385056,16.07333318,0,16.02932864,0,11.66526583,0,13.34958099,7.62173889,9.47194693,15.52082989,14.79792291,14.09464369,0,0,16.08489826,0,0,0,0,0,0,20.68532184
19.90535448,18.02716837,17.66239799,0,11.79323944,15.44744807,15.33178465,17.77590245,19.50333238,18.61019829,21.53711307,14.26213382,18.1261404,17.34814642,13.19459787,0,11.48351249,0,0,7.61730165,12.81152251,14.45680487,0,15.30448554,0,9.0683528,14.54101989,0,0,0,0,0,0,19.72009171
18.45401792,18.98247277,17.63748785,16.28529666,12.36842027,15.03651206,14.13342251,18.55008322,19.74921767,18.82603598,22.48813113,16.89576872,18.58980422,14.27195535,14.56626353,8.67268307,0,14.68716494,0,7.17969245,0,0,21.31228971,15.12693474,0,8.33541689,14.50114778,0,0,0,0,0,0,23.05961759
15.17947893,0,17.25587655,0,11.73905695,14.24846938,5.79444914,17.07510169,18.12748227,18.33516541,21.70633454,0,0,15.87345938,0,7.931807,0,0,0,7.42904958,0,15.48082808,15.46520411,0,0,5.54887376,0,0,0,0,0,16.37098232,3.93310779,20.9320501
17.54213382,17.047574,18.16505913,0,10.04111455,13.35596003,0,16.47694557,19.2269416,16.94200168,20.43598786,13.51683651,18.66909527,15.4593762,13.26053586,5.40933245,7.63702003,0,0,7.35299593,0,13.2820437,16.35727857,0,0,4.66986006,0,0,0,0,0,15.88436509,3.66902449,20.15714233
0,0,13.39931767,0,0,4.60711208,6.13513962,0,12.87379195,0,8.40228496,0,0,0,4.89503741,0,0,0,0,11.82402135,17.21065391,13.26295564,14.15729896,13.49384658,0,0,0,0,0,0,0,12.42855421,0,20.83995006
0,0,0,0,0,6.90627873,0,0,15.48077092,0,0,0,0,0,7.05869466,0,0,0,0,10.77599046,14.57944112,13.3880235,0,13.75547871,0,0,0,0,0,0,0,0,0,20.81064031
0,0,0,0,0,3.53813346,6.09580064,0,0,0,14.84220188,0,0,0,12.96774041,0,0,0,0,0,15.25289451,14.96371599,14.12712409,14.02101648,0,3.5150741,0,0,0,0,0,0,3.32977107,21.901198
19.17870161,16.41073229,17.98860207,0,8.58184109,10.0869028,0,17.1925866,14.83398608,16.40167794,21.48430238,0,0,13.66539345,6.26685495,0,6.37742058,0,0,17.92874502,14.35966329,16.22966487,16.27229261,0,20.57560504,3.95535319,0,0,0,0,0,0,4.30823572,24.42965499
6.46842007,0,0,0,7.51649852,6.53156427,14.26237787,14.60371756,7.06026954,0,18.32378412,0,0,0,12.42135093,0,8.68441201,0,18.54831273,0,0,0,0,0,15.89943579,0,0,0,0,0,0,0,3.93956919,19.46371571
17.4300608,13.87470438,0,0,10.26093472,9.7734618,14.09320931,16.99620128,13.28444264,16.14195648,19.17682638,0,0,11.23294035,0,0,0,0,13.96716251,0,0,0,0,0,0,0,0,0,0,0,0,0,0,19.16408528
14.66243634,0,12.41144215,0,10.86420449,7.61160074,0,16.04648314,15.63159475,15.56010459,17.8422271,0,0,12.01696864,0,0,0,0,0,0,0,0,0,12.30810945,12.67528679,0,0,0,0,0,0,0,0,16.39014895
19.16040503,0,0,16.6385236,9.50687744,12.54270912,13.05380612,0,17.89749727,15.71288092,20.71704396,0,6.87919101,0,9.85393948,6.22853668,7.8504909,0,0,0,0,0,0,0,0,0,0,0,0,0,0,0,0,20.72198263
0,0,0,0,6.77992624,9.43131931,12.2489961,0,0,0,18.51394039,0,0,0,10.52257859,0,0,0,15.99559751,0,0,12.08378417,0,0,0,0,0,0,0,0,0,13.64754952,0,17.53988164
19.55456761,18.09828326,17.08940475,15.0470076,10.50849395,10.47669562,11.26559881,16.26050688,18.50290196,18.13951458,21.42586341,3.47236009,0,14.30792349,8.80904051,0,0,0,0,0,0,0,0,0,15.18167361,0,0,0,0,0,0,0,0,19.03068687
20.11982937,17.50559659,19.76824676,15.98779753,9.71136316,9.98039921,6.27074975,18.36322209,19.68526069,19.58791418,21.66911539,0,15.21395504,0,0,0,0,0,0,0,0,0,0,0,0,0,0,0,0,0,0,0,0,19.11899345
21.00992723,16.9073769,0,19.45424731,9.57789435,7.43091527,15.0313582,15.73031836,20.21790843,17.40798616,22.35182841,0,0,16.15106087,6.67076926,0,11.4761182,15.54860109,0,0,0,0,0,0,0,0,0,0,0,0,0,0,3.81486528,21.2721834
19.48748717,16.13932811,18.27977623,17.14378581,10.9498994,9.90556783,14.62188354,15.59684926,18.33955457,17.72593507,21.38023314,14.49478472,0,14.58337252,6.62089314,0,0,0,17.64570805,0,0,0,0,0,0,0,0,0,0,0,0,11.31481145,0,20.34724171
19.53017269,17.20081532,15.1491028,13.17496936,11.13724329,10.43793999,11.4946403,16.30053739,17.65956613,16.7053449,20.51221816,0,0,15.13723105,0,0,0,0,0,4.0692385,0,0,0,13.66921908,0,0,0,0,0,0,0,0,0,18.14820737
20.07345824,15.61331528,0,0,12.99175879,10.00175721,14.48687187,18.32485334,19.76599216,18.92030624,22.56688017,15.40331764,0,14.66128427,5.10708805,0,0,0,0,0,0,0,0,0,0,4.54561402,0,0,0,0,0,0,6.10860947,20.90075182
19.63119919,14.87800052,14.4425896,0,10.36214802,8.14375906,12.96659192,15.39060978,17.9393147,17.00040933,20.23182994,11.4518654,0,13.04974948,0,0,0,0,0,0,0,0,0,0,0,0,0,0,0,0,0,10.84708689,0,18.34021111
19.98257846,17.25366103,15.93056827,16.13978355,9.32981828,10.77954987,13.97209848,15.83946749,18.1530867,17.89637001,21.01510276,0,0,13.1948146,0,0,0,14.94749412,0,4.87080445,0,10.74013633,0,7.04503389,0,0,13.97663582,0,0,0,0,0,0,18.35783832
18.68196922,14.06825581,0,12.05594263,10.16237028,8.66755423,12.59318738,15.69469136,17.18030128,17.20589816,20.04095228,0,0,11.46942181,6.60256485,0,0,13.00009171,0,0,0,0,0,0,0,0,0,0,3.7996193,0,0,0,0,17.67168822
19.82686158,18.95803345,20.17540152,19.03228679,12.53650202,6.41410377,14.55048406,15.1771253,19.2576067,19.95226144,22.78463012,0,0,13.2942066,7.05276526,0,5.56661098,16.08886663,0,0,0,0,0,0,0,0,0,0,0,0,0,14.26278553,6.34304139,20.19612514
19.77030079,18.13605458,18.58255029,16.0543411,12.14143232,8.76838806,16.08809026,16.57287315,19.15888984,19.92317137,23.06740153,0,0,13.34835724,0,10.77901097,11.98532287,15.27121439,0,3.93165395,0,0,0,0,0,2.11288762,0,0,0,0,0,14.93349087,5.1539141,19.17950874
20.5380975,18.24404099,16.63812659,17.40143382,11.91721025,8.42450429,12.31296955,17.61331627,19.1947632,19.08766767,22.40227973,15.33787571,0,0,0,0,10.821529,12.3039281,0,0,0,0,0,0,0,0,0,0,4.83391673,0,0,0,0,20.40256126
19.31945014,16.99963305,0,10.79705342,10.26124002,10.83811023,5.18192718,17.01942143,18.88885577,17.10686542,21.79862242,16.39594088,0,15.17007758,8.55695512,7.37391868,0,16.28353591,14.6409775,0,0,0,0,15.47454688,0,3.98551289,0,0,0,0,0,0,7.66906936,18.8802394
21.50005287,19.43802846,0,6.61672177,12.17721483,9.00735597,14.02260297,17.54715507,20.67228486,19.69724225,22.31043499,14.13132624,0,16.51889789,10.24051743,12.34595373,0,15.42263405,0,3.03982107,0,0,0,0,0,0,0,0,0,0,0,14.75336567,5.50671896,19.44618159
18.06699531,15.08253146,0,0,9.80124839,8.8360691,9.74872269,15.82082413,17.20123641,16.06306625,20.01607596,12.70370669,0,6.20953163,0,0,8.82472151,0,0,6.56333235,0,0,0,0,0,0,0,0,0,0,0,6.33080216,6.5808795,15.83898074
19.00814596,15.30296356,0,0,8.99486246,3.99412877,13.6248409,14.7636697,16.92404978,16.13612524,18.70471237,0,12.28512097,0,0,0,0,0,0,5.76198637,0,0,0,0,0,0,0,0,0,0,0,0,0,18.38627694
18.65977737,16.26775966,0,13.4686047,11.56910694,10.47160021,14.08493397,13.3466262,18.08237707,18.26579258,20.90341076,12.03236119,13.2510591,0,6.82542845,0,7.5795052,0,0,0,0,0,0,10.23868334,0,0,0,0,0,0,0,0,0,18.25835051
18.13146289,14.42864332,14.76262241,15.90638706,11.41515564,10.15320316,13.67388273,12.92390991,17.46645457,15.94020639,20.61239877,13.59456465,0,10.89239289,0,0,0,0,0,0,0,0,0,0,0,0,0,0,0,0,0,0,0,17.8608346
18.79058759,11.60735983,0,17.2956364,10.47280699,11.71411372,13.71157894,15.34180155,17.30193226,17.39715121,20.24359609,14.1584916,0,0,0,9.0359288,0,0,0,0,0,0,0,0,0,0,0,0,0,0,0,0,0,18.95869214
19.94349232,16.33343399,17.10343082,0,10.17193052,11.70261252,14.05862203,16.90560793,17.04250018,17.11620047,21.81557117,12.75619314,0,0,9.5482304,0,9.02435719,15.86016884,0,0,0,0,0,0,0,0,0,0,0,0,0,11.37018422,0,20.24386928
19.77504931,18.91253167,19.55513716,0,12.92275568,7.32169487,0,17.09829635,20.0711296,19.26876305,22.12989177,13.91038231,0,0,8.55298719,0,7.52118111,0,0,5.93409987,0,0,14.15365289,0,0,0,0,0,0,0,0,14.5247472,0,18.82838003
20.28808798,14.90094815,17.73157386,13.25106073,4.91001447,9.9965478,8.51973362,16.70395866,19.28115089,16.75453173,21.73537592,13.52820806,0,16.17925658,7.09097029,0,8.23368106,0,0,3.53652226,0,0,0,0,0,2.2672179,0,0,0,0,0,0,0,20.92133741
21.16123703,17.87946827,18.05124625,13.4873318,12.24250011,10.61538473,0,15.74197017,19.98779062,19.30644731,21.97103395,13.88699261,0,0,0,7.83243301,9.59377611,0,0,3.58960622,0,0,0,0,0,0,0,0,0,0,0,0,0,18.70206131
20.38218987,12.51082312,18.31261708,0,10.27665421,11.84009867,3.74623408,17.66437103,18.02450903,17.95677553,22.81239885,14.98241642,0,15.21286523,0,0,0,0,0,4.88534598,0,0,0,0,15.01408438,0,0,0,0,0,0,0,4.33771967,16.28830021
19.40802202,17.56148749,14.0720085,0,0,10.98126723,2.26851509,14.27390613,18.15907848,15.93392975,20.57711225,10.87992542,0,11.73288278,0,8.52759763,10.16160319,0,0,0,0,0,0,0,0,0,0,0,0,0,0,0,0,17.65481243
19.8886834,17.87346486,0,7.42161262,10.87022549,0,4.89877811,14.96849613,15.95149091,15.87418487,19.72671078,0,0,0,6.86844917,0,12.55468593,0,0,0,0,0,0,0,0,0,0,0,0,0,0,0,0,17.99489872
20.91038288,18.62525454,0,17.71090069,12.90050475,10.05868679,13.08453801,17.473703,18.94529609,17.82448718,21.62419589,14.91066277,0,16.4859603,6.39474287,0,10.88786418,0,0,2.84901566,0,0,0,0,0,0,0,0,0,0,0,0,0,19.22814888
21.57169633,19.12856405,20.84035199,19.30311966,12.56667206,11.51758772,17.37937072,17.02787875,18.67499251,19.30363651,21.77760293,0,12.4287037,0,6.13644148,4.08197077,0,0,0,0,0,0,0,13.16826331,0,0,0,0,0,0,0,15.79236859,0,18.3618889
21.28604821,19.46911764,21.45416483,21.17481577,13.56503641,14.50484667,18.17433017,18.50662015,20.34767645,18.79872169,22.68681723,0,16.817272,0,7.57034828,8.05119211,7.9551529,0,0,0,0,0,0,0,0,2.94839806,0,0,0,0,0,13.34921993,9.44592625,19.39889849
20.44614519,19.09538625,19.68705382,19.02851726,12.2901658,0,15.73914311,0,18.58697243,18.19620291,19.41992895,0,0,0,9.02364994,0,0,0,0,0,0,0,0,0,0,0,0,0,0,0,0,14.50886391,0,16.34591094
20.27906894,19.48025973,20.31132286,18.79622031,13.01247065,11.30569037,16.96116976,16.47642761,18.81957252,14.72438459,20.51323482,0,10.90268666,0,6.71964849,0,0,0,0,4.6195005,0,0,0,0,0,0,0,0,0,0,0,0,0,19.0384271
21.82157368,20.53463944,21.12958001,20.81519779,13.62430957,13.52079872,17.7061671,17.61832475,20.89539049,20.07757655,23.10405071,0,0,0,8.69443646,0,7.41943488,16.30831115,0,4.36877682,0,0,0,0,0,5.32390589,0,0,0,0,0,14.14972853,9.65397359,19.54812223
19.79173751,19.73110239,20.54486022,19.84301735,13.44124051,12.26324705,17.13097436,16.79837993,19.72879458,19.69638425,22.30053548,0,0,0,0,0,12.5029521,0,0,0,0,0,0,0,0,3.94915954,0,0,0,0,0,0,6.10802674,20.14568891
20.58722873,20.18932609,20.96906407,20.25384656,13.59253434,12.65871322,16.94361291,19.7363104,18.42168021,19.64170052,22.97596126,0,0,0,12.35589821,11.77901067,0,0,0,0,0,0,0,0,0,0,0,0,0,0,0,15.19055117,0,20.35626982
19.60370143,18.83116124,20.68271429,19.08284309,12.88057664,8.58607809,17.05817428,16.26197233,18.83869706,17.6883466,21.2879081,5.15420485,0,0,6.7502708,5.60164056,0,0,0,0,0,0,0,0,0,0,0,0,0,0,0,13.71385469,3.28699219,17.86760386
19.64659614,18.68733684,20.07050643,19.88361286,13.25343054,12.09476028,16.04349794,0,19.73606548,18.25014049,21.38050004,0,17.05804015,0,0,6.99503058,6.62282726,15.70316065,0,0,0,0,0,10.95749812,0,0,0,0,2.9065385,0,0,13.93603271,6.36977566,17.89972211
20.4049783,19.19163619,20.88640413,17.99426394,12.61166716,8.42188389,15.97116776,0,18.28719705,19.37736768,21.98448335,0,0,0,0,0,7.34551182,0,0,0,0,13.0557904,0,15.59012593,0,0,0,0,0,0,0,0,6.96892368,21.3619655
20.45434267,19.01693742,20.07217209,20.38089122,11.81963162,11.5212991,16.4261512,0,20.54463597,19.56528708,21.42523744,0,15.60393702,0,0,7.62114468,0,0,0,0,0,0,0,15.43653857,0,0,0,0,0,0,0,0,5.22926488,16.42883036
20.5566591,20.60518056,21.1567995,18.80695266,14.11667788,15.43223811,16.88870789,18.42296684,19.66259742,19.57997594,22.5918729,0,0,0,10.59400421,8.95693019,10.58044469,0,0,0,0,16.91265348,0,16.59981757,0,0,0,0,0,0,0,15.26864193,8.48881598,19.40281354
19.95974917,18.13689742,19.67611474,20.08013738,13.36602525,0,15.5707296,0,19.18066003,17.98093044,21.27933399,5.76766933,15.21654681,0,0,12.58452497,12.18192215,0,0,5.94041896,0,0,0,0,0,0,0,0,0,0,0,12.93646614,4.71921875,18.60108043
20.50597791,20.3166203,21.50229639,16.55644146,12.02333144,13.78971291,15.99948813,17.99429986,19.52194215,18.05811151,22.24882801,0,0,0,10.68363503,0,0,0,0,9.30853043,0,15.23324324,0,0,0,6.94065612,0,0,0,0,0,0,0,18.11139006
18.6594767,17.91988838,20.34466146,18.67505485,11.76822645,4.05040162,15.66822227,10.40430422,19.34265772,19.80999732,21.14255516,12.6067177,0,13.30991508,0,0,0,0,0,0,0,0,0,0,0,0,0,0,0,0,0,0,0,17.83573841
21.33045572,17.92154778,21.18919274,20.80135911,13.57872226,13.24663065,15.85961443,18.02076409,19.73580497,18.84905981,22.62530029,0,0,0,0,0,0,0,0,7.84297094,0,15.76165011,0,12.13029865,0,0,0,0,0,0,0,15.42721231,5.36806113,18.02149329
20.99412055,19.33318579,21.16800486,18.583702,12.43394347,12.81890389,16.68675764,11.65174965,20.65924181,18.30114505,21.62593025,0,0,0,0,5.92129318,0,16.41734861,0,0,0,0,0,15.71885119,0,4.93060942,0,0,0,0,0,14.73152631,0,17.8909552
19.78708282,18.37839704,20.33967594,19.64256493,13.22292856,11.72997689,17.184655,15.96099887,19.31183342,20.1442229,20.97863143,0,0,0,0,9.43888855,0,0,0,0,0,0,0,0,0,0,0,0,0,0,0,15.05851237,3.5823346,16.10073675
21.03045232,19.38423251,20.57244116,19.63515114,12.08957564,9.17703788,15.7188871,16.71260598,19.70651398,19.44882446,21.42719739,0,16.81570315,0,0,0,3.92777803,0,0,0,0,17.80666667,0,15.8927259,0,3.12475333,0,0,0,0,0,14.38234642,0,18.57830856
21.27834922,20.16387332,20.9935499,19.38573633,14.00076234,13.30079817,18.82347685,11.04429097,20.66685688,19.28374722,22.38204233,14.01941956,0,0,6.75179881,0,0,0,0,0,0,0,0,0,0,2.57160322,0,0,0,0,0,16.73103741,5.7653988,19.69393044
20.78062424,18.78596659,19.18355778,19.26624328,11.55097804,10.71918751,16.50757823,16.71746614,20.10988858,20.27455959,21.01653443,0,0,0,6.12849788,0,0,0,0,0,0,0,0,0,0,0,0,0,0,0,0,14.22035076,6.78814498,17.43532606
20.68109942,18.65759988,20.62411867,18.88800637,13.39994936,11.85275919,15.31383793,0,19.82492535,19.38714716,21.64900554,12.6313309,16.62608998,0,0,0,0,0,0,0,0,0,0,0,0,0,0,0,0,0,0,0,3.58868588,19.760963
20.43722188,20.27827864,20.64963244,19.37883183,11.46885092,13.22296724,16.67897802,0,18.23708197,19.45816365,21.75138049,0,0,0,0,7.25892362,0,0,0,0,0,0,0,0,0,0,0,0,0,0,0,0,4.70136854,15.20421554
21.04354827,17.78293457,20.13693807,21.33146494,13.06757305,12.19220776,17.72553239,18.96631105,18.212964,19.79853419,22.52535677,0,0,0,0,0,9.08780896,17.89689392,0,0,0,14.48973975,13.7731955,0,0,0,0,0,0,0,16.62399119,6.34816023,7.12911507,20.83742684
20.2729514,17.81020525,20.07671107,19.51034587,11.77026295,12.30613817,17.40741275,18.69595538,19.19600081,18.60975502,22.1899304,14.28310613,16.82477576,10.35700289,7.24620332,0,0,0,0,6.64299166,0,0,16.75153854,15.66273401,0,0,0,0,0,0,16.17144292,15.62636439,0,19.41503344
19.76563168,20.66979718,21.76866373,20.52999458,13.23635245,15.14158372,17.54631227,18.5425649,19.35101338,19.3994511,22.64725665,13.84013206,0,0,0,0,0,0,0,6.27090313,0,0,0,0,0,5.18028986,0,0,0,0,0,14.8267156,5.60535319,18.3459789
20.46996766,19.59510273,21.36567508,19.67051488,13.29047281,14.05012883,17.21809169,17.91372317,19.72365985,20.47249336,22.69372691,0,0,0,13.66778915,0,11.98212999,0,19.25197595,0,0,0,0,0,0,4.71699809,0,0,0,0,0,15.74474973,6.02210163,20.68683842
19.84622621,19.28595852,20.81138655,17.51466517,13.12879197,14.5518855,17.21122845,15.53283314,19.27238484,20.10839641,22.75112299,10.19535236,17.06028158,0,6.12461545,0,11.95625222,0,0,0,0,0,0,0,0,3.65174097,0,0,0,0,0,15.97245412,6.05550575,18.5181354
20.18315528,18.17150284,20.01953651,21.38587028,12.5907567,12.75510651,17.47416761,16.62733364,19.09628494,19.88019009,21.49359545,0,15.38023129,0,0,11.03836238,10.99387695,0,0,0,0,0,0,0,0,0,0,0,0,0,14.70087483,0,4.63504414,19.46907837
20.90390781,18.82658042,20.40999201,18.84145666,13.06787164,13.33608688,17.07657563,0,19.28272321,16.45918662,21.01250881,0,0,0,0,0,0,0,11.76024555,0,0,0,0,0,0,4.23045322,0,0,0,0,0,0,10.49040982,16.79493426
20.10952366,19.27087976,20.79009783,19.93395047,13.22465427,13.3290099,16.33204929,17.8093584,19.92154732,19.97346871,22.87188718,11.36205262,16.64166527,0,0,10.11953113,9.3539483,0,15.89399642,7.32535845,0,0,0,14.79221636,0,2.74107571,0,0,0,0,0,14.27541373,3.26485248,20.26496526
21.41140091,18.05862762,20.64271902,20.26722926,13.32946209,11.72560812,17.02828912,16.52990235,18.90668813,20.29656403,22.96438332,10.66427439,16.39550494,0,7.71314371,7.69075712,0,0,0,6.80802231,0,0,0,0,0,0,0,0,0,0,0,17.35320788,5.20370676,18.95157826
20.73124401,18.77626135,20.59555481,21.28993735,12.0690458,11.12300577,17.46261296,17.64456084,20.22539048,19.51034948,22.75585469,0,18.09017561,6.24625977,0,0,6.51727188,0,0,0,0,0,0,15.1848898,0,0,0,0,0,0,0,14.68086341,8.26569129,19.70335222
20.86118177,18.7454412,20.73805,19.75294779,13.2342964,13.06441301,15.66870558,15.98359833,19.83201633,20.16517853,22.03780747,0,0,12.73943882,0,0,5.60238157,0,0,0,0,0,0,0,0,3.73156086,0,0,0,0,0,0,0,18.77453712
